feature,importance
stim_level_index,0.942688812447734
log_rms,0.024443672986826506
log_tremor,0.01687735611780744
log_tracking,0.015990158447632165
